,Line_1,Line_2,Line_3,Line_4,Line_5,Line_6,Line_7,Line_8,Line_9,Line_10,Line_11,Line_12,Line_13,Line_14,Line_15,,
1,Ns,,,,,,,S,,,,,,,Ns,,
2,,,,,,,,,,,,,,,,,
3,,,,,,,,,,,,,,,,,
4,,,,,,,,,,,,,,,,,
5,,,,,,,,,,,,,,,,,
6,,Js,,,,,,,,,,,,Jr,,,
7,,,,,,,,,,,,,,,,,
8,,,,,,,,,,,,,,,,,
9,,Ps,,,,,,,,,,,,Pr,,,
10,,,,,,,,,,,,,,,,,
11,,,,,,,,,,,,,,,,,
12,,,,,,,,,,,,,,,,,
13,,,,,,,,,,,,,,,,,
14,,,,,,,,,,,,,,,,,
15,,,,,,,,,,,,,,,,,
16,,,,,,,,,,,,,,,,,
17,,Ps,,,,Pr,,C,,Ps,,,,Pr,,,
18,,,,,,,,,,,,,,,,,
19,,,,,,,,,,,,,,,,,
20,,,,,,,,,,,,,,,,,
21,,,,,,Ps,,,,Pr,,,,,,,
22,,,,,,,,,,,,,,,,,
23,,,,,,,,,,,,,,,,,
24,,,,,,,,,,,,,,,,,
25,,,,,Ps,,,,,,Pr,,,,,,
26,,,,,,,,,,,,,,,,,
27,,,,,,,,,,,,,,,,,
28,,,,,,,,,,,,,,,,,
29,,,,,,,,,,,,,,,,,
30,,Ps,,,Pr,,,C,,,Ps,,,Pr,,,
31,,,,,,,,,,,,,,,,,
32,,,,,,,,,,,,,,,,,
33,,,,,,,,,,,,,,,,,
34,,,,,,,,,,,,,,,,,
35,,Js,,,Jr,Ps,,,,Pr,Js,,,Jr,,,
36,,,,,,,,,,,,,,,,,
37,,,,,,,,,,,,,,,,,
38,,Ps,,,,Pr,,,,Ps,,,,Pr,,,
39,,,,,,,,,,,,,,,,,
40,,,,,,,,,,,,,,,,,
41,,Ps,,,,Pr,,,,Ps,,,,Pr,,,
42,,,,,,,,,,,,,,,,,
43,,,,,,,,,,,,,,,,,
44,,,,,,,,,,,,,,,,,
45,,,,,,,,,,,,,,,,,
46,,Ps,,Pr,C,Ps,,,,Pr,,Ps,,Pr,,,
47,,,,,,,,,,,,,,,,,
48,,,,,,,,,,,,,,,,,
49,,,,,,,,,,,,,,,,,
50,,,,,,,,,,,,,,,,,
51,,,,,,,,,,,,,,,,,
52,,,,,,,,,,,,,,,,,
53,,,,,,,,,,,,,,,,,
54,,Js,,,,,,,,,,,,Jr,,,
55,,,,,,,,,,,,,,,,,
56,,Ps,,,,,,,,,,,,Pr,,,
57,Nr,Ps,,,,,,,,,,,,Pr,Nr,,
58,,,,,,,,,,,,,,,,,
59,,,,,,Ps,,,,Pr,,,,,,,
60,,,,,,,,,,,,,,,,,
61,,,,,Ps,,,,,,Pr,,,,,,
62,,,,,,,,,,,,,,,,,
63,,,,,Ps,,,,,,Pr,,,,,,
64,,,,,,,,,,,,,,,,,
65,,,,Ps,,,,,,,,Pr,,,,,
66,,,,,,,,,,,,,,,,,
67,,C,Ps,,,,,,,,,,Pr,C,,,
68,,,,,,,,,,,,,,,,,
69,,,Ps,,,,,,,,,,Pr,,,,
70,,,,,,,,,,,,,,,,,
71,,,Ps,,,,,,,,,,Pr,,,,
72,,,,,,,,,,,,,,,,,
73,,J,Pr,,,,,,,,,,Pr,J,,,
74,,,,,,,,,,,,,,,,,
75,Ns,Ps,,,,,,,,,,,,Pr,Ns,,
76,,,,,,,,,,,,,,,,,
77,,,,,,,,,,,,,,,,,
78,,,,,,,St,St,St,,,,,,,,
79,,,,,,,St,St,St,,,,,,,,
80,,Ps,,Pr,,,St,St,St,,,Ps,,Pr,,,
81,,Ps,,Pr,,,,,,,,Ps,,Pr,,,
82,,Ps,,Pr,,,,,,,,Ps,,Pr,,,
83,,Ps,,,Pr,,,,,,Ps,,,Pr,,,
84,,Ps,,,Pr,,,,,,Ps,,,Pr,,,
85,,Ps,,,Pr,,,,,,Ps,,,Pr,,,
86,,Ps,,,,Pr,,C,,Ps,,,,Pr,,,
87,,Ps,,,,Pr,,,,Ps,,,,Pr,,,
88,,Ps,,,,Pr,,,,Ps,,,,Pr,,,
89,,Ps,,,,Pr,Js,,Jr,Ps,,,,Pr,,,
90,Nr,Ps,,,,,,,,,,,,Pr,Nr,,
91,,,,,,,VPs,VPs,VPs,,,,,,,,
92,,,,,,,,,,,,,,,,,
93,,,,,,,,,,,,,,,,,
94,,,,,,,,,,,,,,,,,
95,,,,,,,,,,,,,,,,,
96,Ps,,,Pr,,,,,,,,Ps,,,Pr,,
97,,,,,,,,,,,,,,,,,
98,,,,,,,,,,,,,,,,,
99,,,,,,,,,,,,,,,,,
100,,,C,Ps,,Pr,,,,Ps,,Pr,C,,,,
101,,,,,,,,,,,,,,,,,
102,,,,,,,,,,,,,,,,,
103,,,,,,,,,,,,,,,,,
104,,Js,,,,Jr,,,,Js,,,Jr,,,,
105,,,,,,,,,,,,,,,,,
106,,Ps,,,,Pr,,,,Ps,,,,Pr,,,
107,,,,,,,,,,,,,,,,,
108,,,,,,,,,,,,,,,,,
109,,,,,,,,,,,,,,,,,
110,,,C,,,,,,,,,,C,,,,
111,,,Js,,Jr,,,,,,Js,,Jr,,,,
112,,,,,,,VPr,VPr,VPr,,,,,,,,
113,Ns,Ps,,,,,,,,,,,,Pr,Ns,,
114,,,,,,,,,,,,,,,,,
115,,,,,,,,,,,,,,,,,
116,,,,,,,,,,,,,,,,,
117,,,,,,,,,,,,,,,,,
118,,,,,,,,,,,,C,,,,,
119,,Ps,,,,,,,,Pr,St,St,St,St,Nr,,
120,,,,,,,,,,,,,,,,,
121,,,,,,,,,,,,,,,,,
122,,,,,,,,,,,,,,,,,
123,,,,,,,,,,,,,,,,,
124,,,,,,,,,,,,,,,,,
125,,,,,,,,,,,,,,,,,
126,,,,,,,,,,,,,,,,,
127,Nr,,,C,,,,,,,,,,,,,
128,,St,St,St,St,Ps,,,,,,,,Pr,Ns,,
129,,,,,,,,,,,,,,,,,
130,,,,,,,,,,,,,,,,,
131,,,,,,,,,,,,,,,,,
132,,,,,,,,,,,,,,,,,
133,,,,,,,,,,,,,,,,,
134,,,,,,,,,,,,,,,,,
135,,,,,,,,,,,,,,,,,
136,,,,,,,,C,,,,,,,,,
137,Ns,Ps,,,,Pr,St,St,St,Ps,,,,Pr,,,
138,,,,,,,,,,,,,,,,,
139,,,,,,,,,,,,,,,,,
140,,,,,,,,,,,,,,,,,
141,,,,,,,,,,,,,,,,,
142,,,,,,,,,,,,,,,,,
143,,,,,,,,,,,,,,,,,
144,,,,,,,,,,,,,,,,,
145,,,,,,,,,,,,,,,,,
146,,,,Ps,,,,,,,,,,Pr,,,
147,,,,,,,,,,,,,,,,,
148,,,,,,,,,,,,,,,,,
149,,St,St,,,,,,,,,,,,,,
150,,,,,,,,,,,,,,,,,
151,,,,,,,,,,,,,,,,,
152,,Ps,,,,,,Pr,St,C,,,,,,,
153,,,,,,,,,,,,,,,,,
154,,,,,,,,,,,,,,,,,
155,,,,,,,,,,,,,,,,,
156,,,,,,,,St,Ps,,,,,Pr,,,
157,,,,,,,,,,,,,,,,,
158,,,,,,,,,,,,,,,,,
159,,,,,,,,,,,,,,,,,
160,,St,St,Ps,,,,Pr,,,,,,,,,
161,,,,,,Ps,,,,Pr,C,,,,,,
162,,,,,,,,,,,,,,,,,
163,,,,,,,,,,,,,,,,,
164,,,,,,,,,,C,Ps,,,Pr,,,
165,,,,,,,,,,,,,,,,,
166,,Ps,,,Pr,,,,,,,,,,,,
167,,,,,,,,,,,,,,,,,
168,,,,,,,,,,,,,,,,,
169,,Ps,,,,Pr,,,,Ps,,,,Pr,,,
170,,,,,,,,,,,,,,,,,
171,,,,,,,,,,,,,,,,,
172,,,,,,,,,,,,,,,,,
173,,,,,,,,,,,,,,,,,
174,,Js,,,,Jr,,,,Js,,,,Jr,,,
175,,,,,,,,,,,,,,,,,
176,,,,,,,,,,,,,,,,,
177,,Ps,,,,,,,,,,,,Pr,,,
178,,,,,,,,,,,,,,,,,
179,,,,,,,,,,,,,,,,,
180,,,,,,,,,,,,,,,,,
181,,,,,,,,,,,,,,,,,
182,,Js,,,,,,,,,,,,Jr,,,
183,,,,,,,,,,,,,,,,,
184,,,,,,,,,,,,,,,,,
185,,Ps,,,,,,,,,,,,Pr,,,
186,,Ps,,,,Pr,,,,Ps,,,,Pr,,,
187,,Ps,,,,Pr,,,,Ps,,,,Pr,,,
188,,Ps,,,,Pr,,,,Ps,,,,Pr,,,
189,,Ps,,,,Pr,,,,Ps,,,,Pr,,,
190,,Ps,,,,Pr,,,,Ps,,,,Pr,,,
191,,Ps,,,,Pr,,,,Ps,,,,Pr,,,
192,,Ps,,,,,Pr,,,Ps,,,,Pr,,,
193,,Ps,,,,Pr,,,,Ps,,,,Pr,,,
194,,Ps,,,,Pr,,,,Ps,,,,Pr,,,
195,,Ps,,,,Pr,,,Ps,,,,,Pr,,,
196,,Ps,,,,Pr,,,,Ps,,,,Pr,,,
197,,Ps,,,,Pr,,C,,Ps,,,,Pr,,,
198,,Ps,,,,Pr,,,,Ps,,,,Pr,,,
199,,Ps,,,,Pr,Js,,Jr,Ps,,,,Pr,,,
200,,Ps,,,,Pr,,,,Ps,,,,Pr,,,
201,,Ps,,,,Pr,,,,Ps,,,,Pr,,,
202,,Ps,,,,,,,,,,,,Pr,,,
203,,,,,,,,,,,,,,,,,
204,,,,,,,,,,,,,,,,,
205,,,,,,,,,,,,,,,,,
206,,,,,,,,,,,,,,,,,
207,,,,,,,,C,,,,,,,,,
208,,,,,,,,,,,,,,,,,
209,,,,,,,,,,,,,,,,,
210,,,,,,,,E_6,,,,,,,,,
211,,,,,,,,,,,,,,,,,
212,,,,,,,,E_6,,,,,,,,,
213,,,,,,,,,,,,,,,,,
214,,,,,,,,E_6,,,,,,,,,
215,,,,,,,,,,,,,,,,,
216,,,,,,,,E_6,,,,,,,,,
217,,,,,,,,,,,,,,,,,
218,,,,,,,,,,,,,,,,,
219,,,,,,,,,,,,,,,,,
220,,,,,,,E_4,E_4,E_4,,,,,,,,
221,,,,,,,,,,,,,,,,,
222,,,,,,,,,,,,,,,,,
223,,,,,,,,,,,,,,,,,
224,,,,,,,,,,,,,,,,,
225,,,,,,,E_2,E_2,E_2,,,,,,,,
226,,,,,,,,,,,,,,,,,
227,,,,,,,,,,,,,,,,,
228,,Ps,,Pr,,,,,,,,Ps,,Pr,,,
229,,Ps,,,Pr,,,,,,Ps,,,Pr,,,
230,,Ps,,,Pr,,,,,,Ps,,,Pr,,,
231,,Ps,,,Pr,,,E_7,,,Ps,,,Pr,,,
232,,Ps,,,Pr,,,,,,Ps,,,Pr,,,
233,,Ps,,,Pr,,,,,,Ps,,,Pr,,,
234,,Ps,,,Pr,,,E_7,,,Ps,,,Pr,,,
235,,Ps,,,Pr,,,,,,Ps,,,Pr,,,
236,,Ps,,,Pr,,,,,,Ps,,,Pr,,,
237,,Ps,,,Pr,,,E_7,,,Ps,,,Pr,,,
238,,Ps,,,Pr,,,E_7,,,Ps,,,Pr,,,
239,,Ps,,,Pr,,,,,,Ps,,,Pr,,,
240,,Ps,,,Pr,,,,,,Ps,,,Pr,,,
241,,Ps,,,Pr,,,,,,Ps,,,Pr,,,
242,,Ps,,,Pr,,,,,,Ps,,,Pr,,,
243,,Ps,,,Pr,,De,,De,,Ps,,,Pr,,,
244,,Ps,,,Pr,,,,,,Ps,,,Pr,,,
245,,Ps,,Pr,,,,,,,,Ps,,Pr,,,
246,,,,,,,,,,,,,,,,,
247,,,,,,,,,,,,,,,,,
248,,,,,,,,,,,,,,,,,
249,,,,,E_7,,,,,,E_7,,,,,,
250,,,,,,,,De,,,,,,,,,
251,,,,,,E_7,,,,E_7,,,,,,,
252,,,,,,,,,,,,,,,,,
253,,,,,,,,,,,,,,,,,
254,,,,,,,,,,,,,,,,,
255,,,,,,,,,,,,,,,,,
256,,,,,,,,,,,,,,,,,
257,,,,,,,,,,,,,,,,,
258,,,,Me,,,,,,,Me,,,,,,
259,,,,,,,,,,,,,,,,,
260,,,,,,,,,,,,,,,,,
261,,,,,,,,,,,,,,,,,
262,,,,,,,,,,,,,,,,,
263,,,,,,,,,,,,,,,,,
264,,,,,,,,,,,,,,,,,
265,,,,,,,,,,,,,,,,,
266,,,,,,,,,,,,,,,,,
267,,,,,,,,,,E_7,,,,,,,
268,,,,,E_5,,,,E_7,Me,E_7,,,,,,
269,,,,,,,,,,,,,,,,,
270,,,,,,,,,,,,,,,,,
271,,,,,,,,,,,,,,,,,
272,,,,,,,,,,,,,,,,,
273,,,,,,E_7,,,,,,,,,,,
274,,,,,E_7,Me,E_7,,,,E_5,,,,,,
275,,,,,,,,,,,,,,,,,
276,,,,,,,,,,,,,,,,,
277,,,,,,,,,,,,,,,,,
278,,,,,,,,,,,,,,,,,
279,,,,,,,,,,,,,,,,,
280,,Ps,,Pr,,E_7,,Ps,,,,,,Pr,,,
281,,,,,,,,,,,,,,,,,
282,,,,,,,,,,,,,,,,,
283,,,,,,,,,,,,,,,,,
284,,,,,,,,,,,,,,,,,
285,,,,,,,,,,,,,,,,,
286,,,,,,,,,,,Ps,,,,,,
287,,,,E_1,,,,,E_1,,,,,,,,
288,,,,,,,,,,,,,,,,,
289,,,,,,,,,,,,,,,,,
290,,,,,,,,,,,,,,,,,
291,,,,,,,,,,,,,,,,,
292,,,,,,,,,,,,,,,,,
293,,,,,,De,,,,,,,Se,,,,
294,,,,,,,,,,,,,,,,,
295,,,,,,,,,,,,,,,,,
296,,,,,,,,,,,Pr,,,,,,
297,,,,,,,,,,,,,,,,,
298,,,,,,,,,,,,,,,,,
299,,,,,,,,,,,,,,,,,
300,,,,,,,,,,,,,,,,,
301,,,,,,,,,,,,,,,,,
302,,E_7,Ps,,,,,,,,,,Pr,E_7,,,
303,,,,,,,,,,,,,,,,,
304,,,,,,,,,,,,,,,,,
305,,,,,,,,,,,,,,,,,
306,,,,,,,,,,,,,,,,,
307,,,Me,,,,,,,,,,Me,,,,
308,,,,,,,,,,,,,,,,,
309,,,,,,,,,,,,,,,,,
310,,,,E_2,,,,,,,E_2,,,,,,
311,,,,,,,,,,,,,,,,,
312,,,,,,,,,,,,,,,,,
313,,,,,,,E_2,,E_2,,,,,,,,
314,,,,,,,,,,,,,,,,,
315,,,,,,,,,,,,,,,,,
316,,,,,,,,,,,,,,,,,
317,,,,,,,,E_7,,,,,,,,,
318,,,,,,,,,,,,,,,,,
319,,,,,,,,,,,,,,,,,
320,Nr,,,,,,,E_7,,,,,,,Nr,,
321,,,,,,,,,,,,,,,,,
322,,,,,,,,,,,,,,,,,
323,,,,,,,,,,,,,,,,,
324,,,,,,,,,,,,,,,,,
325,,,,,,,,,,,,,,,,,
326,,,,,,,,,E_3,,,,,,,,
327,,,,,,,,,,E_3,,,,,,,
328,,,,,,,,,,,,E_3,,,,,
329,,,,,,,,,,,,,E_3,,,,
330,,,,,,,,,,,,E_3,,,,,
331,,,,,,,,,,E_3,,,,,,,
332,,,,,,,E_3,,,,,,,,,,
333,,,,E_3,,,,,,,,,,,,,
334,,E_3,,,,,,,,,,,,,,,
335,E_3,,,,,,,,,,,,,,,,
336,,,E_3,,,,,,,,,,,,,,
337,,,,,E_3,,,,,,,,,,,,
338,,,,,,,,E_3,,,,,,,,,
339,,,,,,,,,,,,,,,,,
340,,,,,,,,,,,,,,,,,
341,,,,,,,,,,E_7,,,,,,,
342,,,,,,,,,,,,,,,,,
343,,,,,,,,,,,,,,,,,
344,Ns,Ps,,,,,,Pr,,,,Ps,,Pr,Ns,,
345,,,,,,,,,,,,,,,,,
346,,,,,,,,,E_7,E_7,,,,,,,
347,,,,,,,,,,,,,,,,,
348,,,,,,,,,,,,,,,,,
349,,,,,,Ps,,,Pr,,,,,,,,
350,,,,,,,,,,,,,,,,,
351,,,,,,,,,,,,,,,,,
352,,,,,E_7,,,,,,,,,,,,
353,,,,,,,,,,,,,,,,,
354,,,,,,,,,,,,,,,,,
355,,,,,,,,,,,,Se,,,,,
356,,,,E_2,,,,,,,,,,,,,
357,,,,,,,,,,Ps,,,,Pr,,,
358,,,,,,,,,,,,,,,,,
359,,,,,,,,,,,,,,,,,
360,,,,,,,,,,,,,,,,,
361,,,,,,,De,,,,,,,,,,
362,,,,,,,,,,,,,,,,,
363,,,,,,,,,,,,,,,,,
364,,,,,,,,,,,,,,,,,
365,,Ps,,,,,,,,Pr,E_5,,,,,,
366,,,,,,,,,,,,,,,,,
367,,,,,,,,,,,,,,,,,
368,,,,,,,,,,,,,,,,,
369,,,,,,,,,,,,,,,,,
370,,,,,,,,,,,,,,,,,
371,,,,,,,,,,,,,,,,,
372,,,,,,,,,,,,,,,,,
373,,,,,,,,,,Me,,,,,,,
374,,,,,,,,,,,,,,,,,
375,,,,,,,,,,,,,,,,,
376,,,,,,,,,,,,,,,,,
377,,,,,,,,,,,,,,,,,
378,,,,,,,,,E_7,,,,,,,,
379,,,,,,,,,,,,,,,,,
380,,Ps,,Pr,,,,Ee,,,,Ps,,Pr,,,
381,,Ps,,,Pr,,,,,,Ps,,,Pr,,,
382,,Ps,,,,Pr,,,,Ps,,,,Pr,,,
383,,Ps,,,,Pr,,E_7,,Ps,,,,Pr,,,
384,,Ps,,,,Pr,,,,Ps,,,,Pr,,,
385,,Ps,,,,Pr,,,,Ps,,,,Pr,,,
386,,Ps,,,,Pr,,,,Ps,,,,Pr,,,
387,,Ps,,,,Pr,,,,Ps,,,,Pr,,,
388,,Ps,,,,,Pr,,E_7,Ps,,,,Pr,,,
389,,Ps,,,,Pr,,,,Ps,,,,Pr,,,
390,,Ps,,,,Pr,,,,Ps,,,,Pr,,,
391,,Ps,,,,Pr,,,,Ps,,,,Pr,,,
392,,Ps,,,,Pr,E_7,,Ps,,,,,Pr,,,
393,,Ps,,,,Pr,,,,Ps,,,,Pr,,,
394,,Ps,,,,Pr,,,,Ps,,,,Pr,,,
395,,Ps,,,,Pr,,,,Ps,,,,Pr,,,
396,,Ps,,,,Pr,,,,Ps,,,,Pr,,,
397,,Ps,,,,Pr,,,,Ps,,,,Pr,,,
398,,Ps,,,,Pr,,,,Ps,,,,Pr,,,
399,,Ps,,,,Pr,,Se,,Ps,,,,Pr,,,
400,,,,,,,,,,,,,,,,,
401,,,,,,,,,,,,,,,,,
402,,,,,,,,,,,,,,,,,
403,,,,,,,,,,,,,,,,,
404,,,,,,,,,,,,,,,,,
405,,,,,,,,,,,,,,,,,
406,,,,,Me,,,,,E_7,,,,,,,
407,,,,,,,,,,,,,,,,,
408,,,,,,,,,,,,,,,,,
409,,Ps,,,,Pr,,,,Ps,,,,Pr,,,
410,,,,,,,,,,,,,,,,,
411,,,,,,,,Me,,,,,,,,,
412,,,,,,,,,,,,,,,,,
413,,,,,,,,Ee,,,,,,,,,
414,,,,,,,,,,,,,,,,,
415,,,,,,,,,,,,,,,,,
416,,,,,,,,,,,,,,,,,
417,,,,,,,,,,,,,,,,,
418,,,,,,,,,,,,,,,,,
419,Nr,,,,,,,,,,,,,,Ns,,
420,Gs,,,,,,,,,,,,,,Gr,,
,,,,,,,,,,,,,,,,,
