,Line_1,Line_2,Line_3,Line_4,Line_5,Line_6,Line_7,Line_8,Line_9,Line_10,Line_11,Line_12,Line_13,Line_14,Line_15,,,,,,,,,,,,,,,,,
1,N,,,,,,,S,,,,,,,N,,,,,,,,,,,,,,,,,
2,N,,,,,,,,,,,,,,N,,,,,,,,,,,,,,,,,
3,N,,,,,,,,,,,,,,N,,,,,,,,,,,,,,,,,
4,N,,,,,,,,,,,,,,N,,,,,,,,,,,,,,,,,
5,N,,,,,,,,,,,,,,N,,,,,,,,,,,,,,,,,
6,N,,,,,,,,,,,,,,N,,,,,,,,,,,,,,,,,
7,N,,,,,,,,,,,,,,N,,,,,,,,,,,,,,,,,
8,N,,,,,,,,,,,,,,N,,,,,,,,,,,,,,,,,
9,N,,,,,,,,,,,,,,N,,,,,,,,,,,,,,,,,
10,N,,,,,,,,,,,,,,N,,,,,,,,,,,,,,,,,
11,N,J,J,J,J,J,J,J,J,J,J,J,J,J,N,,,,,,,,,,,,,,,,,
12,N,St,St,St,St,St,St,St,St,St,St,St,St,St,N,,,,,,,,,,,,,,,,,
13,NLs,,,,,,,,,,,,,,NLs,,,,,,,,,,,,,,,,,
14,,,,,,,,,,,,,,,,,,,,,,,,,,,,,,,,
15,,,,,,,,,,,,,,,,,,,,,,,,,,,,,,,,
16,,,,,,,,,,,,,,,,,,,,,,,,,,,,,,,,
17,,,,,,,,,,,,,,,,,,,,,,,,,,,,,,,,
18,,,,,,,,,,,,,,,,,,,,,,,,,,,,,,,,
19,,,,,,,,,,,,,,,,,,,,,,,,,,,,,,,,
20,,,,,,,,,,,,,,,,,,,,,,,,,,,,,,,,
21,,Ps,,,Pr,,,,,,,,,,,,,,,,,,,,,,,,,,,
22,,,,,,,,,,,,,,,,,,,,,,,,,,,,,,,,
23,,,,,,,,,,,,,J,,,,,,,,,,,,,,,,,,,
24,,,,,,,,,,,,J,,,,,,,,,,,,,,,,,,,,
25,,,,,,,,,,,J,,,,,,,,,,,,,,,,,,,,,
26,,,,,,,,,,J,,Ps,,Pr,,,,,,,,,,,,,,,,,,
27,,,,,,,,,J,,Ps,,Pr,,,,,,,,,,,,,,,,,,,
28,,,,,,,,J,,Ps,,Pr,,,,,,,,,,,,,,,,,,,,
29,,,,,,,J,,Ps,,Pr,,,,,,,,,,,,,,,,,,,,,
30,,,,,,J,,Ps,,Pr,,,,,,,,,,,,,,,,,,,,,,
31,,,,,J,,Ps,,Pr,,,,,,,,,,,,,,,,,,,,,,,
32,,,,J,,Ps,,Pr,,,,,,,,,,,,,,,,,,,,,,,,
33,,,J,,Ps,,Pr,,,,,,,,,,,,,,,,,,,,,,,,,
34,,,,Ps,,Pr,,,,,,,,,,,,,,,,,,,,,,,,,,
35,,,Ps,,Pr,,,,,,,,,,,,,,,,,,,,,,,,,,,
36,,Ps,,Pr,,,,,,,,,,,,,,,,,,,,,,,,,,,,
37,,,,,,,,,,,,,,,,,,,,,,,,,,,,,,,,
38,,,,,,,,,,,,,,,,,,,,,,,,,,,,,,,,
39,,,,,,,,,,,,,,,,,,,,,,,,,,,,,,,,
40,,,,,,,,,,,Ps,,,Pr,,,,,,,,,,,,,,,,,,
41,,,C,,,,,,,,,,,,,,,,,,,,,,,,,,,,,
42,,,J,,,,,,,,,,,,,,,,,,,,,,,,,,,,,
43,,,,J,,,,,,,,,,,,,,,,,,,,,,,,,,,,
44,,,,,J,,,,,,,,,,,,,,,,,,,,,,,,,,,
45,,Ps,,Pr,,J,,,,,,,,,,,,,,,,,,,,,,,,,,
46,,,Ps,,Pr,,J,,,,,,,,,,,,,,,,,,,,,,,,,
47,,,,Ps,,Pr,,J,,,,,,,,,,,,,,,,,,,,,,,,
48,,,,,Ps,,Pr,,J,,,,,,,,,,,,,,,,,,,,,,,
49,,,,,,Ps,,Pr,,J,,,,,,,,,,,,,,,,,,,,,,
50,,,,,,,Ps,,Pr,,J,,,,,,,,,,,,,,,,,,,,,
51,,,,,,,,Ps,,Pr,,J,,,,,,,,,,,,,,,,,,,,
52,,,,,,,,,Ps,,Pr,,J,,,,,,,,,,,,,,,,,,,
53,,,,,,,,,,Ps,,Pr,,,,,,,,,,,,,,,,,,,,
54,,,,,,,,,,,Ps,,Pr,,,,,,,,,,,,,,,,,,,
55,,,,,,,,,,,,Ps,,Pr,,,,,,,,,,,,,,,,,,
56,,,,,,,,,,,,,,,,,,,,,,,,,,,,,,,,
57,,,,,,,,,,,,,,,,,,,,,,,,,,,,,,,,
58,,,,,,,,,,,,,,,,,,,,,,,,,,,,,,,,
59,,Ps,,,Pr,,,,,,,,,,,,,,,,,,,,,,,,,,,
60,,,,,,,,,,,,,C,,,,,,,,,,,,,,,,,,,
61,,,,,,,,,,,,,J,,,,,,,,,,,,,,,,,,,
62,,,,,,,,,,,,J,,,,,,,,,,,,,,,,,,,,
63,,,,,,,,,,,J,,,,,,,,,,,,,,,,,,,,,
64,,,,,,,,,,J,,Ps,,Pr,,,,,,,,,,,,,,,,,,
65,,,,,,,,,J,,Ps,,Pr,,,,,,,,,,,,,,,,,,,
66,,,,,,,,J,,Ps,,Pr,,,,,,,,,,,,,,,,,,,,
67,,,,,,,J,,Ps,,Pr,,,,,,,,,,,,,,,,,,,,,
68,,,,,,J,,Ps,,Pr,,,,,,,,,,,,,,,,,,,,,,
69,,,,,J,,Ps,,Pr,,,,,,,,,,,,,,,,,,,,,,,
70,,,,J,,Ps,,Pr,,,,,,,,,,,,,,,,,,,,,,,,
71,,,J,,Ps,,Pr,,,,,,,,,,,,,,,,,,,,,,,,,
72,,,,Ps,,Pr,,,,,,,,,,,,,,,,,,,,,,,,,,
73,,,Ps,,Pr,,,,,,,,,,,,,,,,,,,,,,,,,,,
74,,Ps,,Pr,,,,,,,,,,,,,,,,,,,,,,,,,,,,
75,,,,,,,,,,,,,,,,,,,,,,,,,,,,,,,,
76,,,,,,,,,,,,,,,,,,,,,,,,,,,,,,,,
77,,,,,,,,,,,,,,,,,,,,,,,,,,,,,,,,
78,,,,,,,,,,,,,,,,,,,,,,,,,,,,,,,,
79,,,,,,,,,,,,,,,,,,,,,,,,,,,,,,,,
80,,,,,,,,,,,,,,,,,,,,,,,,,,,,,,,,
81,,,,,,,,,,,,,,,,,,,,,,,,,,,,,,,,
82,,,,C,,,,C,,,,C,,,,,,,,,,,,,,,,,,,,
83,,VPs,,,,VPs,,,,VPs,,,,VPs,,,,,,,,,,,,,,,,,,
84,,,,,,,,,,,,,,,,,,,,,,,,,,,,,,,,
85,,,,,,,,,,,,,,,,,,,,,,,,,,,,,,,,
86,,,,,,,,,,,,,,,,,,,,,,,,,,,,,,,,
87,,,,,,,,,,,,,,,,,,,,,,,,,,,,,,,,
88,,,,,,,,,,,,,,,,,,,,,,,,,,,,,,,,
89,,,,,,,,,,,,,,,,,,,,,,,,,,,,,,,,
90,,,,,,,,,,,,,,,,,,,,,,,,,,,,,,,,
91,,,,,,,,,,,,,,,,,,,,,,,,,,,,,,,,
92,,,,,,,,,,,,,,,,,,,,,,,,,,,,,,,,
93,,,,,,VPr,,,,VPr,,,,VPr,NLr,,,,,,,,,,,,,,,,,
94,,,VPs,,,,VPs,,,,VPs,,,,N,,,,,,,,,,,,,,,,,
95,,,,,C,,,,C,,,,C,,N,,,,,,,,,,,,,,,,,
96,,,,,,,,,,,,,,,N,,,,,,,,,,,,,,,,,
97,,,,,,,,,,,,,,,N,,,,,,,,,,,,,,,,,
98,,,,,,,,,,,,,,,N,,,,,,,,,,,,,,,,,
99,,,,,,,,,,,,,,,N,,,,,,,,,,,,,,,,,
100,,,,,,,,,,,,,,,N,,,,,,,,,,,,,,,,,
101,,,,,,,,,,,,,,,N,,,,,,,,,,,,,,,,,
102,,,,,,,,,,,,,,,N,,,,,,,,,,,,,,,,,
103,,,,,,,,,,,,,,,N,,,,,,,,,,,,,,,,,
104,,,VPr,,,,VPr,,,,VPr,,,,N,,,,,,,,,,,,,,,,,
105,,,,,,VPs,,,,VPs,,,,VPs,NLs,,,,,,,,,,,,,,,,,
106,,,,C,,,,C,,,,C,,,,,,,,,,,,,,,,,,,,
107,,,,,,,,,,,,,,,,,,,,,,,,,,,,,,,,
108,,,,,,,,,,,,,,,,,,,,,,,,,,,,,,,,
109,,,,,,,,,,,,,,,,,,,,,,,,,,,,,,,,
110,,,,,,,,,,,,,,,,,,,,,,,,,,,,,,,,
111,,,,,,,,,,,,,,,,,,,,,,,,,,,,,,,,
112,,,,,,,,,,,,,,,,,,,,,,,,,,,,,,,,
113,,,,,,,,,,,,,,,,,,,,,,,,,,,,,,,,
114,,,,,,,,,,,,,,,,,,,,,,,,,,,,,,,,
115,NLr,VPr,,,,VPr,,,,VPr,,,,,,,,,,,,,,,,,,,,,,
116,N,,,,VPs,,,,VPs,,,,VPs,,,,,,,,,,,,,,,,,,,
117,N,,C,,,,C,,,,C,,,,,,,,,,,,,,,,,,,,,
118,N,,,,,,,,,,,,,,,,,,,,,,,,,,,,,,,
119,N,,,,,,,,,,,,,,,,,,,,,,,,,,,,,,,
120,N,,,,,,,,,,,,,,,,,,,,,,,,,,,,,,,
121,N,,,,,,,,,,,,,,,,,,,,,,,,,,,,,,,
122,N,,,,,,,,,,,,,,,,,,,,,,,,,,,,,,,
123,N,,,,,,,,,,,,,,,,,,,,,,,,,,,,,,,
124,N,,,,,,,,,,,,,,,,,,,,,,,,,,,,,,,
125,N,,,,,,,,,,,,,,,,,,,,,,,,,,,,,,,
126,N,,,,VPr,,,,VPr,,,,VPr,,,,,,,,,,,,,,,,,,,
127,NLs,VPs,,,,VPs,,,,VPs,,,,,,,,,,,,,,,,,,,,,,
128,,,,C,,,,C,,,,C,,,,,,,,,,,,,,,,,,,,
129,,,,,,,,,,,,,,,,,,,,,,,,,,,,,,,,
130,,,,,,,,,,,,,,,,,,,,,,,,,,,,,,,,
131,,,,,,,,,,,,,,,,,,,,,,,,,,,,,,,,
132,,,,,,,,,,,,,,,,,,,,,,,,,,,,,,,,
133,,,,,,,,,,,,,,,,,,,,,,,,,,,,,,,,
134,,,,,,,,,,,,,,,,,,,,,,,,,,,,,,,,
135,,,J,J,J,,J,J,J,,J,J,J,,,,,,,,,,,,,,,,,,,
136,,,,,,,,,,,,,,,,,,,,,,,,,,,,,,,,
137,,,VPs,VPs,VPs,,VPs,VPs,VPs,,VPs,VPs,VPs,,,,,,,,,,,,,,,,,,,
138,,,,,,,,,,,,,,,,,,,,,,,,,,,,,,,,
139,,,,,,,VPr,VPr,VPr,,,,,,,,,,,,,,,,,,,,,,,
140,,,,,,,,,,,,,,,,,,,,,,,,,,,,,,,,
141,,,,,,,,,,,,,,,,,,,,,,,,,,,,,,,,
142,,,,,,,,,,,,,,,,,,,,,,,,,,,,,,,,
143,,,,,,,,,,,,,,,,,,,,,,,,,,,,,,,,
144,,,,,,,,,,,,,,,,,,,,,,,,,,,,,,,,
145,,,,,,,,,,,,,,,,,,,,,,,,,,,,,,,,
146,,,,,,,,,,,,,,,,,,,,,,,,,,,,,,,,
147,,,,,,,,C,,,,,,,,,,,,,,,,,,,,,,,,
148,,,,,,,J,J,J,,,,,,,,,,,,,,,,,,,,,,,
149,,,,,,,,,,,,,,,,,,,,,,,,,,,,,,,,
150,,,,,,,VPs,VPs,VPs,,,,,,,,,,,,,,,,,,,,,,,
151,,,,,,,,,,,,,,,,,,,,,,,,,,,,,,,,
152,,,VPr,VPr,VPr,,,,,,VPr,VPr,VPr,,,,,,,,,,,,,,,,,,,
153,,,,,,,,,,,,,,,,,,,,,,,,,,,,,,,,
154,,,,,,,,,,,,,,,,,,,,,,,,,,,,,,,,
155,,,,,,,,,,,,,,,,,,,,,,,,,,,,,,,,
156,,,,,,,,,,,,,,,,,,,,,,,,,,,,,,,,
157,,,,,,,,,,,,,,,,,,,,,,,,,,,,,,,,
158,,,,,,,,,,,,,,,,,,,,,,,,,,,,,,,,
159,,,,,,,,,,,,,,,,,,,,,,,,,,,,,,,,
160,,,,C,,,,,,,,C,,,,,,,,,,,,,,,,,,,,
161,,,J,J,J,,,,,,J,J,J,,,,,,,,,,,,,,,,,,,
162,,,,,,,,,,,,,,,,,,,,,,,,,,,,,,,,
163,,,VPs,VPs,VPs,,,,,,VPs,VPs,VPs,,,,,,,,,,,,,,,,,,,
164,,,,,,,,,,,,,,,,,,,,,,,,,,,,,,,,
165,,,,,,,VPs,VPs,VPs,,,,,,,,,,,,,,,,,,,,,,,
166,,,,,,,,,,,,,,,,,,,,,,,,,,,,,,,,
167,,,,,,,,,,,,,,,,,,,,,,,,,,,,,,,,
168,,,,,,,,,,,,,,,,,,,,,,,,,,,,,,,,
169,,,,,,,,,,,,,,,,,,,,,,,,,,,,,,,,
170,,,,,,,,,,,,,,,,,,,,,,,,,,,,,,,,
171,,,,,,,,,,,,,,,,,,,,,,,,,,,,,,,,
172,,,,,,,,,,,,,,,,,,,,,,,,,,,,,,,,
173,,,,,,,,C,,,,,,,,,,,,,,,,,,,,,,,,
174,,,,,,,J,J,J,,,,,,,,,,,,,,,,,,,,,,,
175,,,,,,,,,,,,,,,,,,,,,,,,,,,,,,,,
176,,,,,,,VPr,VPr,VPr,,,,,,,,,,,,,,,,,,,,,,,
177,,,,,,,,,,,,,,,,,,,,,,,,,,,,,,,,
178,,VPr,VPr,VPr,VPr,VPr,VPr,VPr,VPr,VPr,VPr,VPr,VPr,VPr,,,,,,,,,,,,,,,,,,
179,,,,,,,,,,,,,,,,,,,,,,,,,,,,,,,,
180,,,,,,,,,,,,,,,,,,,,,,,,,,,,,,,,
181,,,,,,,,,,,,,,,,,,,,,,,,,,,,,,,,
182,,,,,,,,,,,,,,,,,,,,,,,,,,,,,,,,
183,,,,,,,,,,,,,,,,,,,,,,,,,,,,,,,,
184,,,,,,VPs,VPs,VPs,VPs,VPs,,,,,,,,,,,,,,,,,,,,,,
185,,,,,,,,,,,,,,,,,,,,,,,,,,,,,,,,
186,,,,,,,,,,,,,,,,,,,,,,,,,,,,,,,,
187,,,,St,,,,,,,,St,,,,,,,,,,,,,,,,,,,,
188,,,,,,,,,,,,,,,,,,,,,,,,,,,,,,,,
189,,St,St,C,St,VPr,VPr,VPr,VPr,VPr,St,C,St,St,,,,,,,,,,,,,,,,,,
190,,,,,,,,,,,,,,,,,,,,,,,,,,,,,,,,
191,,,,,,,,,,,,,,,,,,,,,,,,,,,,,,,,
192,,,,,,,,,,,,,,,,,,,,,,,,,,,,,,,,
193,,,,,,,,,,,,,,,,,,,,,,,,,,,,,,,,
194,,,,,,,,,,,,,,,,,,,,,,,,,,,,,,,,
195,,Ps,,,,Pr,,,,Pr,,,,Ps,,,,,,,,,,,,,,,,,,
196,,,,,,,,C,,,,,,,,,,,,,,,,,,,,,,,,
197,,,,,,,,,,,,,,,,,,,,,,,,,,,,,,,,
198,,,,,,,,,,,,,,,,,,,,,,,,,,,,,,,,
199,,,,,,,,,,,,,,,,,,,,,,,,,,,,,,,,
200,,VPs,,,,VPs,,,,VPs,,,,VPs,,,,,,,,,,,,,,,,,,
201,,,,,,,,,,,,,,,,,,,,,,,,,,,,,,,,
202,,,,C,,,,,,,,C,,,,,,,,,,,,,,,,,,,,
203,,,,,,,,,,,,,,,,,,,,,,,,,,,,,,,,
204,,,,C,,,,,,,,C,,,,,,,,,,,,,,,,,,,,
205,,,,,,,,,,,,,,,,,,,,,,,,,,,,,,,,
206,,,,C,,,,,,,,C,,,,,,,,,,,,,,,,,,,,
207,NLr,,J,J,J,,J,J,J,,J,J,J,,NLr,,,,,,,,,,,,,,,,,
208,N,VPr,,,,VPr,,,,VPr,,,,VPr,N,,,,,,,,,,,,,,,,,
209,N,Ps,,,,,,,,,,,,Pr,N,,,,,,,,,,,,,,,,,
210,N,,,,,,,,,,,,,,N,,,,,,,,,,,,,,,,,
211,N,,,,,,,,,,,,,,N,,,,,,,,,,,,,,,,,
212,N,,,,,,,,,,,,,,N,,,,,,,,,,,,,,,,,
213,N,,,,,,,,,,,,,,N,,,,,,,,,,,,,,,,,
214,N,,,,,,,,,,,,,,N,,,,,,,,,,,,,,,,,
215,N,,,,,,,,,,,,,,N,,,,,,,,,,,,,,,,,
216,N,,,,,,,,,,,,,,N,,,,,,,,,,,,,,,,,
217,N,,,,,,,,,,,,,,N,,,,,,,,,,,,,,,,,
218,N,,,,,,,,,,,,,,N,,,,,,,,,,,,,,,,,
219,N,,,,,,,,,,,,,,N,,,,,,,,,,,,,,,,,
220,N,SJ,SJ,,,,,Ee,,,,,SJ,SJ,N,,,,,,,,,,,,,,,,,
221,NLs,,,,,,,,,,,,,,NLs,,,,,,,,,,,,,,,,,
222,,,,,,,,,,,,,,,,,,,,,,,,,,,,,,,,
223,,,,,E,,,,,,E,,,,,,,,,,,,,,,,,,,,,
224,,,,,,,,,,,,,,,,,,,,,,,,,,,,,,,,
225,,,,,,,,,,,,,,,,,,,,,,,,,,,,,,,,
226,,,,,E,,,,,,E,,,,,,,,,,,,,,,,,,,,,
227,,,,,,,,,,,,,,,,,,,,,,,,,,,,,,,,
228,,,,,,,,,,,,,,,,,,,,,,,,,,,,,,,,
229,,,,,E,,,,,,E,,,,,,,,,,,,,,,,,,,,,
230,,,,,,,,,,,,,,,,,,,,,,,,,,,,,,,,
231,,,,,,,,,,,,,,,,,,,,,,,,,,,,,,,,
232,,,,,,,,,,,,,,,,,,,,,,,,,,,,,,,,
233,,,,,,,,,,,,,,,,,,,,,,,,,,,,,,,,
234,,,,,,,,,,,,,,,,,,,,,,,,,,,,,,,,
235,,,,,,,,,,,,,,,,,,,,,,,,,,,,,,,,
236,,,De,,,,,,,,,,De,,,,,,,,,,,,,,,,,,,
237,,,,,,,,,,,,,,,,,,,,,,,,,,,,,,,,
238,,,,,,,,,,,,,,,,,,,,,,,,,,,,,,,,
239,,,,,,,,,,,,,,,,,,,,,,,,,,,,,,,,
240,,,,,,,,,,,,,,,,,,,,,,,,,,,,,,,,
241,,,,,,,,,,,,,,,,,,,,,,,,,,,,,,,,
242,,,,,,,,,,,,,,,,,,,,,,,,,,,,,,,,
243,,,,,,,,,,,,,,,,,,,,,,,,,,,,,,,,
244,,,,,,,,,,,,,,,,,,,,,,,,,,,,,,,,
245,,Ps,,,,,,,Pr,,,,,,,,,,,,,,,,,,,,,,,
246,,,,,,,,,,,,,,,,,,,,,,,,,,,,,,,,
247,,,,,,,,,,,,,,,,,,,,,,,,,,,,,,,,
248,,,,,,,,,,,,,,,,,,,,,,,,,,,,,,,,
249,,,,,,,,,,,,,,,,,,,,,,,,,,,,,,,,
250,,,,,,,,,,,,,,,,,,,,,,,,,,,,,,,,
251,,,,,,,,,,,,,,,,,,,,,,,,,,,,,,,,
252,,,,,,,,,,,,,,,,,,,,,,,,,,,,,,,,
253,,,,,,,,,,,,,,,,,,,,,,,,,,,,,,,,
254,,,,,,,,,,,,,,,,,,,,,,,,,,,,,,,,
255,,,,,,,,,,,,,,,,,,,,,,,,,,,,,,,,
256,,,,,,,,Ps,,,,,,Pr,,,,,,,,,,,,,,,,,,
257,,,,,,,,,,,,,,,,,,,,,,,,,,,,,,,,
258,,,,,,,,,,,,,,,,,,,,,,,,,,,,,,,,
259,,,,,,,,,,,,,,,,,,,,,,,,,,,,,,,,
260,,,,,,,,,,,,,,,,,,,,,,,,,,,,,,,,
261,,,,,,,,,,,,,,,,,,,,,,,,,,,,,,,,
262,,,,,,,,,,,,,,,,,,,,,,,,,,,,,,,,
263,,,,,,,,,,,,,,,,,,,,,,,,,,,,,,,,
264,,,,,,,,,,,,,,,,,,,,,,,,,,,,,,,,
265,,,,,,,,,,,,,,,,,,,,,,,,,,,,,,,,
266,,,,,,,,,,,,,,,,,,,,,,,,,,,,,,,,
267,,E,E,Ps,,,,,,,Pr,,,,,,,,,,,,,,,,,,,,,
268,,,,,,,,,,,,,,,,,,,,,,,,,,,,,,,,
269,,,,,,,,,,,,,,,,,,,,,,,,,,,,,,,,
270,,,,,,,,,,,,,,,,,,,,,,,,,,,,,,,,
271,,,,,,,,,,,,,,,,,,,,,,,,,,,,,,,,
272,,,,,,,,,,,J,J,,,,,,,,,,,,,,,,,,,,
273,,,,,,,,,,,,,,,,,,,,,,,,,,,,,,,,
274,,,,,,,,,,,,,,,,,,,,,,,,,,,,,,,,
275,,,,,,,,,,,,,,,,,,,,,,,,,,,,,,,,
276,,,,,,,,,,,,,,,,,,,,,,,,,,,,,,,,
277,,,,,,,,,,,,,,,,,,,,,,,,,,,,,,,,
278,,,,VPs,VPs,VPs,VPs,VPr,,,,,,,,,,,,,,,,,,,,,,,,
279,,,,,,,,,,,,,,,,,,,,,,,,,,,,,,,,
280,,E,E,,VPr,VPr,VPr,,,,,,,,,,,,,,,,,,,,,,,,,
281,,,,,,,,,,,,,De,,,,,,,,,,,,,,,,,,,
282,,,,,,,,,,,,,,,,,,,,,,,,,,,,,,,,
283,,,,,,,,,E,,,,,,,,,,,,,,,,,,,,,,,
284,,E,E,,,,,,,E,,,,,,,,,,,,,,,,,,,,,,
285,,,,,,,,,,,E,,,E,,,,,,,,,,,,,,,,,,
286,,,,,,,,,,,,E,,,,,,,,,,,,,,,,,,,,
287,,,,,,,,,,,,,,,,,,,,,,,,,,,,,,,,
288,,,,,,,,,,,,,,,,,,,,,,,,,,,,,,,,
289,,,,,,,,,,,,,,,,,,,,,,,,,,,,,,,,
290,,E,E,,,,,,,,,,,,,,,,,,,,,,,,,,,,,
291,,,,,,,,,,,,,,,,,,,,,,,,,,,,,,,,
292,,,,,,,,,,,,,,,,,,,,,,,,,,,,,,,,
293,,,,,,,,,,,,,,,,,,,,,,,,,,,,,,,,
294,,,,,,,,,,,,,,,,,,,,,,,,,,,,,,,,
295,,,,,,,,,,,,,,,,,,,,,,,,,,,,,,,,
296,,De,E,,,,,,,,,,,,,,,,,,,,,,,,,,,,,
297,,,,VPr,,Se,,VPr,,,,,,,,,,,,,,,,,,,,,,,,
298,,,,,,,,,,,,,,,,,,,,,,,,,,,,,,,,
299,,,,,,,,,,,,,,,,,,,,,,,,,,,,,,,,
300,,,,,,,,,,,,,,,,,,,,,,,,,,,,,,,,
301,,,,,,,,,,,,,,,,,,,,,,,,,,,,,,,,
302,,,,,,,,,,,,,,,,,,,,,,,,,,,,,,,,
303,,Ps,,,,,Pr,E,Ps,,,,,Pr,,,,,,,,,,,,,,,,,,
304,,,,,,,,,,,,,,,,,,,,,,,,,,,,,,,,
305,,,,,,,,,,,,,,,,,,,,,,,,,,,,,,,,
306,,,,,,,,,,,,,,,,,,,,,,,,,,,,,,,,
307,,,,,,,,,,,,,,,,,,,,,,,,,,,,,,,,
308,,,,,,,,,,,,,,,,,,,,,,,,,,,,,,,,
309,,Ps,,,,,,,Pr,E,Ps,,,Pr,,,,,,,,,,,,,,,,,,
310,,,,,,,,,,,,,,,,,,,,,,,,,,,,,,,,
311,,,,,,,,,,,,,,,,,,,,,,,,,,,,,,,,
312,,,,,,,,,,,,,,,,,,,,,,,,,,,,,,,,
313,,,,,,,,,,,,,,,,,,,,,,,,,,,,,,,,
314,,,,,,,,,,,,,,,,,,,,,,,,,,,,,,,,
315,,Ps,,,,,Pr,E,Ps,,,,,Pr,,,,,,,,,,,,,,,,,,
316,,,,,,,,,,,,,,,,,,,,,,,,,,,,,,,,
317,,,,,,,,,,,,,,,,,,,,,,,,,,,,,,,,
318,,,,,,,,,,,,,,,,,,,,,,,,,,,,,,,,
319,,,,,,,,,,,,,,,,,,,,,,,,,,,,,,,,
320,,,,,,,,,,,,,,,,,,,,,,,,,,,,,,,,
321,,Ps,,,Pr,Me,Ps,,,,,,,Pr,,,,,,,,,,,,,,,,,,
322,,,,,,,,,,,,,,,,,,,,,,,,,,,,,,,,
323,,,,,,,,,,,,,,,,,,,,,,,,,,,,,,,,
324,,,,,,,,,,,,,,,,,,,,,,,,,,,,,,,,
325,,,,,,,,,,,,,,,,,,,,,,,,,,,,,,,,
326,,,,,,,,,,,,,,,,,,,,,,,,,,,,,,,,
327,,Ps,,,,,Pr,Me,Ps,,,,,Pr,,,,,,,,,,,,,,,,,,
328,,,,,,,,,,,,,,,,,,,,,,,,,,,,,,,,
329,,,,,,,,,,,,,,,,,,,,,,,,,,,,,,,,
330,,,,,,,,,,,,,,,,,,,,,,,,,,,,,,,,
331,,,,,,,,,,,,,,,,,,,,,,,,,,,,,,,,
332,,,,,,,,,,,,,,,,,,,,,,,,,,,,,,,,
333,,,,,,,,,,,,,,,,,,,,,,,,,,,,,,,,
334,,,,,,,,,,,,,,,,,,,,,,,,,,,,,,,,
335,,,,,,,,De,,,,,,,,,,,,,,,,,,,,,,,,
336,,,,,,E,,,,E,,,,,,,,,,,,,,,,,,,,,,
337,,,,,,,,,,,,,,,,,,,,,,,,,,,,,,,,
338,,,,,,E,,,,E,,,,,,,,,,,,,,,,,,,,,,
339,,,,,,,,,,,,,,,,,,,,,,,,,,,,,,,,
340,,,,Me,,,,,,,,Me,,,,,,,,,,,,,,,,,,,,
341,,,,,,,,,,,,,,,,,,,,,,,,,,,,,,,,
342,,,,,,,,,,,,,,,,,,,,,,,,,,,,,,,,
343,,,,,,,,,,,,,,,,,,,,,,,,,,,,,,,,
344,,Ps,,Pr,E,,,,,,E,Ps,,Pr,,,,,,,,,,,,,,,,,,
345,,,,,,,,,,,,,,,,,,,,,,,,,,,,,,,,
346,,,,,,,,,,,,,,,,,,,,,,,,,,,,,,,,
347,,,,Ps,,Pr,E,,E,Ps,,Pr,,,,,,,,,,,,,,,,,,,,
348,,,,,,,,,,,,,,,,,,,,,,,,,,,,,,,,
349,,,,,,,,,,,,,,,,,,,,,,,,,,,,,,,,
350,,,,,,Ps,,,,Pr,,,,,,,,,,,,,,,,,,,,,,
351,,,,,,,,,,,,,,,,,,,,,,,,,,,,,,,,
352,,De,,,,,,,,,,,,De,,,,,,,,,,,,,,,,,,
353,,,,Pr,,Ps,,,,Ps,,Pr,,,,,,,,,,,,,,,,,,,,
354,,,,,,,,,,,,,,,,,,,,,,,,,,,,,,,,
355,,,,,,,,,,,,,,,,,,,,,,,,,,,,,,,,
356,,Pr,,Ps,,,,,,,,Ps,,Pr,,,,,,,,,,,,,,,,,,
357,,,,,,,,,,,,,,,,,,,,,,,,,,,,,,,,
358,,,,,,,,,,,,,,,,,,,,,,,,,,,,,,,,
359,,,,,,,,,,,,,,,,,,,,,,,,,,,,,,,,
360,,,,,,,,VPs,,,,,,,,,,,,,,,,,,,,,,,,
361,,,,,,,,,,,,,,,,,,,,,,,,,,,,,,,,
362,,,,,,,,,,,,,,,,,,,,,,,,,,,,,,,,
363,,,,,E,,,,,,E,,,,,,,,,,,,,,,,,,,,,
364,,,,,,,,,,,,,,,,,,,,,,,,,,,,,,,,
365,,,,,Ee,,,,,,Ee,,,,,,,,,,,,,,,,,,,,,
366,,,,,,,,,,,,,,,,,,,,,,,,,,,,,,,,
367,,,,,,,,,,,,,,,,,,,,,,,,,,,,,,,,
368,,,,,,,,,,,,,,,,,,,,,,,,,,,,,,,,
369,,,,,,,,,,,,,,,,,,,,,,,,,,,,,,,,
370,,,,,,,,,,,,,,,,,,,,,,,,,,,,,,,,
371,,,,,,,E,,E,,,,,,,,,,,,,,,,,,,,,,,
372,,,,,,E,,,,E,,,,,,,,,,,,,,,,,,,,,,
373,,,,,,,,,,,,,,,,,,,,,,,,,,,,,,,,
374,,,,,,,,,,,,,,,,,,,,,,,,,,,,,,,,
375,,,,,,,,,,,,,,,,,,,,,,,,,,,,,,,,
376,,,,,,,,VPr,,,,,,,,,,,,,,,,,,,,,,,,
377,,VPs,,E,,VPs,,,,VPs,,E,,VPs,,,,,,,,,,,,,,,,,,
378,,,,,,,,,,,,,,,,,,,,,,,,,,,,,,,,
379,,,,,,,,,,,,,,,,,,,,,,,,,,,,,,,,
380,,,,,,,,,,,,,,,,,,,,,,,,,,,,,,,,
381,,,,,,,,,,,,,,,,,,,,,,,,,,,,,,,,
382,,,,,,,,,,,,,,,,,,,,,,,,,,,,,,,,
383,,,,,,,,,,,,,,,,,,,,,,,,,,,,,,,,
384,,,,,,,,,,,,,,,,,,,,,,,,,,,,,,,,
385,,,,,,,,,,,,,,,,,,,,,,,,,,,,,,,,
386,,,,,,,,,,,,,,,,,,,,,,,,,,,,,,,,
387,,,,,,,,,,,,,,,,,,,,,,,,,,,,,,,,
388,,,,,,,,,,,,,,,,,,,,,,,,,,,,,,,,
389,,,,,,,,,,,,,,,,,,,,,,,,,,,,,,,,
390,,,,,,,,,,,,,,,,,,,,,,,,,,,,,,,,
391,,,,Me,,,,Se,,,,Me,,,,,,,,,,,,,,,,,,,,
392,,,,,,,,,,,,,,,,,,,,,,,,,,,,,,,,
393,,VPr,,,,VPr,,,,VPr,,,,VPr,,,,,,,,,,,,,,,,,,
394,,,,,,,,,,,,,,,,,,,,,,,,,,,,,,,,
395,,,,,,,,,,,,,,,,,,,,,,,,,,,,,,,,
396,,,,,,,,,,,,,,,,,,,,,,,,,,,,,,,,
397,,VPs,,VPs,,VPs,,VPs,,VPs,,VPs,,VPs,,,,,,,,,,,,,,,,,,
398,,,,,,,,,,,,,,,,,,,,,,,,,,,,,,,,
399,,,,,,,,,,,,,,,,,,,,,,,,,,,,,,,,
400,,,,,,,,,,,,,,,,,,,,,,,,,,,,,,,,
401,,,,,,,,,,,,,,,,,,,,,,,,,,,,,,,,
402,,,,,,,,,,,,,,,,,,,,,,,,,,,,,,,,
403,,,,,,,,,,,,,,,,,,,,,,,,,,,,,,,,
404,,,,,,,,,,,,,,,,,,,,,,,,,,,,,,,,
405,,,,,,,,,,,,,,,,,,,,,,,,,,,,,,,,
406,,,,,,,,,,,,,,,,,,,,,,,,,,,,,,,,
407,,,,,,,,,,,,,,,,,,,,,,,,,,,,,,,,
408,,,,,,,,,,,,,,,,,,,,,,,,,,,,,,,,
409,,,,,,,,,,,,,,,,,,,,,,,,,,,,,,,,
410,,,E,,Se,,Ee,,Me,,E,,De,,,,,,,,,,,,,,,,,,,
411,,,,,,,,,,,,,,,,,,,,,,,,,,,,,,,,
412,,VPr,,VPr,,VPr,,VPr,,VPr,,VPr,,VPr,,,,,,,,,,,,,,,,,,
413,,,,,,,,,,,,,,,,,,,,,,,,,,,,,,,,
414,,,,,,,,,,,,,,,,,,,,,,,,,,,,,,,,
415,,,,,,,,,,,,,,,,,,,,,,,,,,,,,,,,
416,,,,,,,,,,,,,,,,,,,,,,,,,,,,,,,,
417,,,,,,,,,,,,,,,,,,,,,,,,,,,,,,,,
418,,,,,,,,,,,,,,,,,,,,,,,,,,,,,,,,
419,,,,,,,,,,,,,,,,,,,,,,,,,,,,,,,,
420,NLr,Gs,,,,,,,,,,,,Gr,NLr,,,,,,,,,,,,,,,,,
,,,,,,,,,,,,,,,,,,,,,,,,,,,,,,,,
